sales_key,customer_id,order_id,product_key,quantity,sales,profit,discount
1,CG-12520,CA-2016-152156,1,2,261.96,41.91,0.00
2,CG-12520,CA-2016-152156,2,3,731.94,219.58,0.00
3,DV-13045,CA-2016-138688,3,2,14.62,6.87,0.00
4,SO-20335,US-2015-108966,4,5,957.58,-383.03,0.45
5,SO-20335,US-2015-108966,5,2,22.37,2.52,0.20
6,BH-11710,CA-2014-115812,6,7,48.86,14.17,0.00
7,BH-11710,CA-2014-115812,7,4,7.28,1.97,0.00
8,BH-11710,CA-2014-115812,8,6,907.15,90.72,0.20
9,BH-11710,CA-2014-115812,9,3,18.50,5.78,0.20
10,BH-11710,CA-2014-115812,10,5,114.90,34.47,0.00
11,BH-11710,CA-2014-115812,11,9,1706.18,85.31,0.20
12,BH-11710,CA-2014-115812,12,4,911.42,68.36,0.20
13,AA-10480,CA-2017-114412,13,3,15.55,5.44,0.20
14,IM-15070,CA-2016-161389,14,3,407.98,132.59,0.20
15,HP-14815,US-2015-118983,15,5,68.81,-123.86,0.80
16,HP-14815,US-2015-118983,16,3,2.54,-3.82,0.80
17,PK-19075,CA-2014-105893,17,6,665.88,13.32,0.00
18,AG-10270,CA-2014-167164,18,2,55.50,9.99,0.00
19,ZD-21925,CA-2014-143336,19,2,8.56,2.48,0.00
20,ZD-21925,CA-2014-143336,20,3,213.48,16.01,0.20
21,ZD-21925,CA-2014-143336,21,4,22.72,7.38,0.20
22,KB-16585,CA-2016-137330,22,7,19.46,5.06,0.00
23,KB-16585,CA-2016-137330,23,7,60.34,15.69,0.00
24,SF-20065,US-2017-156909,24,2,71.37,-1.02,0.30
25,EB-13870,CA-2015-106320,4,3,1044.63,240.26,0.00
26,EH-13945,CA-2016-121755,25,2,11.65,4.22,0.20
27,EH-13945,CA-2016-121755,26,3,90.57,11.77,0.00
28,TB-21520,US-2015-150630,27,7,3083.43,-1665.05,0.50
29,TB-21520,US-2015-150630,28,2,9.62,-7.05,0.70
30,TB-21520,US-2015-150630,29,3,124.20,15.53,0.20
31,TB-21520,US-2015-150630,30,2,3.26,1.10,0.20
32,TB-21520,US-2015-150630,31,6,86.30,9.71,0.20
33,TB-21520,US-2015-150630,32,2,15.76,3.55,0.20
34,MA-17560,CA-2017-107727,33,3,29.47,9.95,0.20
35,GH-14485,CA-2016-117590,34,7,1097.54,123.47,0.20
36,GH-14485,CA-2016-117590,35,5,190.92,-147.96,0.60
37,SN-20710,CA-2015-117415,36,9,113.33,35.42,0.20
38,SN-20710,CA-2015-117415,37,3,532.40,-46.98,0.32
39,SN-20710,CA-2015-117415,38,3,212.06,-15.15,0.30
40,SN-20710,CA-2015-117415,39,4,371.17,41.76,0.20
41,LC-16930,CA-2017-120999,40,4,147.17,16.56,0.20
42,RA-19885,CA-2016-101343,41,2,77.88,3.89,0.00
43,ES-14080,CA-2017-139619,42,2,95.62,9.56,0.20
44,ON-18715,CA-2016-118255,43,2,45.98,19.77,0.00
45,ON-18715,CA-2016-118255,44,2,17.46,8.21,0.00
46,PO-18865,CA-2014-146703,45,4,211.96,8.48,0.00
47,LH-16900,CA-2016-169194,46,3,45.00,4.95,0.00
48,LH-16900,CA-2016-169194,47,2,21.80,6.10,0.00
49,DP-13000,CA-2015-115742,48,6,38.22,17.96,0.00
50,DP-13000,CA-2015-115742,49,6,75.18,35.33,0.00
51,DP-13000,CA-2015-115742,50,2,6.16,2.96,0.00
52,DP-13000,CA-2015-115742,51,1,89.99,17.10,0.00
53,JM-15265,CA-2016-105816,52,7,15.26,6.26,0.00
54,JM-15265,CA-2016-105816,53,5,1029.95,298.69,0.00
55,TB-21055,CA-2016-111682,54,6,208.56,52.14,0.00
56,TB-21055,CA-2016-111682,55,5,32.40,15.55,0.00
57,TB-21055,CA-2016-111682,56,5,319.41,7.10,0.10
58,TB-21055,CA-2016-111682,57,2,14.56,6.99,0.00
59,TB-21055,CA-2016-111682,46,2,30.00,3.30,0.00
60,TB-21055,CA-2016-111682,58,4,48.48,16.36,0.20
61,TB-21055,CA-2016-111682,59,1,1.68,0.84,0.00
62,KM-16720,CA-2015-135545,60,2,13.98,6.15,0.00
63,KM-16720,CA-2015-135545,61,6,25.82,9.36,0.20
64,KM-16720,CA-2015-135545,62,3,146.73,68.96,0.00
65,KM-16720,CA-2015-135545,63,4,79.76,22.33,0.00
66,PS-18970,US-2015-164175,64,5,213.12,-15.22,0.30
67,BS-11590,CA-2014-106376,65,8,1113.02,111.30,0.20
68,BS-11590,CA-2014-106376,66,4,167.97,62.99,0.20
69,KD-16270,CA-2016-119823,67,2,75.88,35.66,0.00
70,HM-14980,CA-2016-106075,68,1,4.62,1.73,0.20
71,TB-21520,CA-2017-114440,69,3,19.05,8.76,0.00
72,JE-15745,US-2015-134026,70,8,831.94,-114.39,0.20
73,JE-15745,US-2015-134026,71,2,97.04,1.21,0.20
74,JE-15745,US-2015-134026,72,1,72.78,-18.20,0.20
75,KB-16600,US-2017-118038,73,3,1.25,-1.93,0.80
76,KB-16600,US-2017-118038,74,3,27.24,2.72,0.20
77,JE-15745,US-2014-147606,75,5,19.30,-14.48,0.60
78,SC-20770,CA-2016-127208,76,1,208.16,56.20,0.00
79,SC-20770,CA-2016-127208,77,3,16.74,8.04,0.00
80,DN-13690,CA-2014-139451,78,5,14.90,4.17,0.00
81,DN-13690,CA-2014-139451,79,1,21.39,6.20,0.00
82,JC-16105,CA-2015-149734,80,7,200.98,62.81,0.20
83,CS-12400,US-2017-119662,81,3,230.38,-48.95,0.20
84,PO-18865,CA-2017-140088,82,2,301.96,33.22,0.00
85,PG-18895,CA-2017-155558,83,1,19.99,6.80,0.00
86,PG-18895,CA-2017-155558,84,2,6.16,2.96,0.00
87,GM-14455,CA-2016-159695,85,7,158.37,13.86,0.20
88,JS-15685,CA-2016-109806,86,3,20.10,6.63,0.00
89,JS-15685,CA-2016-109806,40,2,73.58,8.28,0.20
90,JS-15685,CA-2016-109806,87,1,6.48,3.11,0.00
91,KB-16315,CA-2015-149587,88,2,12.96,6.22,0.00
92,KB-16315,CA-2015-149587,89,3,53.34,16.54,0.00
93,KB-16315,CA-2015-149587,90,2,32.96,16.15,0.00
94,RB-19705,US-2017-109484,91,1,5.68,-3.79,0.70
95,PN-18775,CA-2017-161018,92,7,96.53,40.54,0.00
96,KD-16345,CA-2017-157833,93,3,51.31,17.96,0.20
97,ER-13855,CA-2016-149223,94,6,77.88,22.59,0.00
98,RB-19465,CA-2016-158568,95,7,64.62,22.62,0.20
99,RB-19465,CA-2016-158568,96,3,95.98,-10.80,0.20
100,RB-19465,CA-2016-158568,97,3,1.79,-3.04,0.80
101,GZ-14470,CA-2016-129903,98,4,23.92,11.72,0.00
102,LC-16870,US-2015-156867,99,6,238.90,-26.88,0.20
103,LC-16870,US-2015-156867,100,3,102.36,-3.84,0.20
104,JM-15250,CA-2017-119004,101,8,74.11,17.60,0.20
105,JM-15250,CA-2017-119004,102,1,27.99,2.10,0.20
106,JM-15250,CA-2017-119004,103,1,3.30,1.07,0.20
107,PA-19060,CA-2015-129476,104,5,339.96,67.99,0.20
108,CV-12805,CA-2017-146780,105,2,41.96,10.91,0.00
109,CL-12565,CA-2016-128867,106,2,75.96,22.79,0.00
110,CL-12565,CA-2016-128867,107,6,27.24,13.35,0.00
111,RC-19960,CA-2014-115259,108,14,40.10,14.53,0.20
112,RC-19960,CA-2014-115259,109,2,4.72,1.65,0.20
113,RC-19960,CA-2014-115259,110,3,23.98,7.49,0.20
114,RC-19960,CA-2014-115259,111,6,130.46,44.03,0.20
115,DK-13090,CA-2015-110457,112,3,787.53,165.38,0.00
116,GG-14650,US-2015-136476,113,1,157.79,-115.72,0.70
117,SC-20725,CA-2016-103730,114,3,47.04,18.35,0.00
118,SC-20725,CA-2016-103730,9,4,30.84,13.88,0.00
119,SC-20725,CA-2016-103730,115,6,226.56,63.44,0.00
120,SC-20725,CA-2016-103730,116,9,115.02,51.76,0.00
121,SC-20725,CA-2016-103730,117,7,68.04,19.73,0.00
122,AD-10180,US-2014-152030,118,3,600.56,-8.58,0.30
123,PF-19165,US-2014-134614,119,6,617.70,-407.68,0.50
124,TS-21610,US-2017-107272,120,2,2.39,-1.83,0.70
125,TS-21610,US-2017-107272,121,7,243.99,30.50,0.20
126,LS-16975,US-2016-125969,122,2,81.42,-9.16,0.20
127,LS-16975,US-2016-125969,123,3,238.56,26.24,0.00
128,DW-13585,US-2017-164147,124,5,59.97,-11.99,0.40
129,DW-13585,US-2017-164147,125,2,78.30,29.36,0.20
130,DW-13585,US-2017-164147,126,9,21.46,6.97,0.20
131,LC-16885,CA-2016-145583,127,3,20.04,9.62,0.00
132,LC-16885,CA-2016-145583,128,1,35.44,16.66,0.00
133,LC-16885,CA-2016-145583,129,4,11.52,3.46,0.00
134,LC-16885,CA-2016-145583,130,2,4.02,1.97,0.00
135,LC-16885,CA-2016-145583,131,3,76.18,26.66,0.20
136,LC-16885,CA-2016-145583,132,6,65.88,18.45,0.00
137,LC-16885,CA-2016-145583,50,14,43.12,20.70,0.00
138,JD-15895,CA-2016-110366,29,2,82.80,10.35,0.20
139,SH-19975,CA-2017-106180,133,3,8.82,2.38,0.00
140,SH-19975,CA-2017-106180,134,3,10.86,5.10,0.00
141,SH-19975,CA-2017-106180,135,3,143.70,68.98,0.00
142,SG-20080,CA-2017-155376,136,3,839.43,218.25,0.00
143,HA-14920,CA-2015-110744,81,7,671.93,20.16,0.00
144,MG-17680,CA-2014-110072,137,4,93.89,12.91,0.20
145,JE-16165,CA-2016-114489,138,11,384.45,103.80,0.00
146,JE-16165,CA-2016-114489,139,3,149.97,6.00,0.00
147,JE-16165,CA-2016-114489,2,8,1951.84,585.55,0.00
148,JE-16165,CA-2016-114489,140,5,171.55,80.63,0.00
149,TW-21025,CA-2016-158834,141,5,157.92,17.77,0.20
150,TW-21025,CA-2016-158834,142,2,203.18,15.24,0.20
151,SP-20650,CA-2015-124919,143,7,58.38,26.27,0.00
152,SP-20650,CA-2015-124919,144,4,105.52,48.54,0.00
153,SP-20650,CA-2015-124919,145,6,80.88,21.03,0.00
154,NK-18490,CA-2015-118948,146,3,6.63,1.79,0.00
155,DB-13060,CA-2014-104269,118,2,457.57,51.48,0.20
156,NP-18670,CA-2016-114104,147,2,14.62,6.87,0.00
157,NP-18670,CA-2016-114104,148,7,944.93,236.23,0.00
158,TT-21070,CA-2016-162733,149,1,5.98,2.69,0.00
159,EM-13960,CA-2015-119697,150,2,54.38,1.36,0.20
160,RD-19900,CA-2016-154508,151,5,28.40,13.35,0.00
161,MJ-17740,CA-2016-113817,152,2,27.68,9.69,0.20
162,BM-11140,CA-2014-139892,153,3,9.94,2.73,0.20
163,BM-11140,CA-2014-139892,154,8,8159.95,-1359.99,0.40
164,BM-11140,CA-2014-139892,155,3,275.93,-58.63,0.20
165,BM-11140,CA-2014-139892,156,9,1740.06,-24.86,0.30
166,BM-11140,CA-2014-139892,157,6,32.06,6.81,0.20
167,BM-11140,CA-2014-139892,158,5,177.98,-453.85,0.80
168,BM-11140,CA-2014-139892,159,3,143.98,9.00,0.20
169,CS-12130,CA-2014-118962,160,3,20.94,9.84,0.00
170,CS-12130,CA-2014-118962,161,2,110.96,53.26,0.00
171,CS-12130,CA-2014-118962,162,7,340.14,21.26,0.20
172,JB-15400,US-2014-100853,163,2,52.45,-131.12,0.80
173,JB-15400,US-2014-100853,164,4,20.16,6.55,0.20
174,SJ-20500,US-2017-152366,165,4,97.26,-243.16,0.80
175,JE-15745,US-2015-101511,166,7,396.80,-11.34,0.30
176,JE-15745,US-2015-101511,167,5,15.88,-3.77,0.20
177,JK-15640,CA-2015-137225,168,1,3.28,1.41,0.00
178,DK-13150,CA-2014-166191,169,2,24.82,1.86,0.20
179,DK-13150,CA-2014-166191,170,7,408.74,76.64,0.20
180,RM-19675,CA-2014-158274,171,4,503.96,131.03,0.00
181,RM-19675,CA-2014-158274,172,5,149.95,41.99,0.00
182,RM-19675,CA-2014-158274,173,2,29.00,7.25,0.00
183,SK-19990,CA-2016-105018,174,2,7.16,3.44,0.00
184,FM-14290,CA-2014-123260,175,8,176.80,22.98,0.00
185,AM-10360,CA-2016-157000,176,3,37.22,3.72,0.20
186,AM-10360,CA-2016-157000,143,3,20.02,6.26,0.20
187,MP-17470,CA-2015-102281,177,4,899.14,112.39,0.20
188,MP-17470,CA-2015-102281,178,6,71.76,20.09,0.00
189,MP-17470,CA-2015-102281,179,8,51.84,24.88,0.00
190,MP-17470,CA-2015-102281,37,3,626.35,46.98,0.20
191,MP-17470,CA-2015-102281,180,5,19.90,6.57,0.00
192,MZ-17515,CA-2015-131457,30,7,14.28,6.71,0.00
193,CB-12025,CA-2014-140004,181,2,7.41,1.20,0.20
194,CB-12025,CA-2014-140004,182,3,6.05,1.59,0.20
195,VM-21685,CA-2017-107720,183,3,46.26,12.03,0.00
196,FH-14365,US-2017-124303,184,3,16.06,5.82,0.20
197,MB-17305,CA-2017-105074,185,3,21.74,6.80,0.20
198,BS-11755,CA-2014-133690,186,2,218.75,-161.88,0.50
199,BS-11755,CA-2014-133690,187,1,2.60,0.29,0.20
200,LC-17140,US-2017-116701,188,2,66.28,-178.97,0.80
201,HK-14890,CA-2017-126382,189,7,35.17,9.67,0.20
202,LE-16810,CA-2017-108329,190,4,444.77,44.48,0.20
203,JH-15985,CA-2017-135860,191,4,83.92,5.87,0.00
204,JH-15985,CA-2017-135860,192,2,131.98,35.63,0.00
205,JH-15985,CA-2017-135860,120,4,15.92,7.48,0.00
206,JH-15985,CA-2017-135860,193,9,52.29,16.21,0.00
207,JH-15985,CA-2017-135860,194,1,91.99,3.68,0.00
208,MS-17980,CA-2015-101007,195,2,20.80,6.50,0.20
209,VW-21775,CA-2015-146262,196,2,23.68,8.88,0.20
210,VW-21775,CA-2015-146262,197,5,452.45,-244.32,0.50
211,VW-21775,CA-2015-146262,102,3,62.98,-14.70,0.40
212,VW-21775,CA-2015-146262,198,9,1188.00,-950.40,0.70
213,VW-21775,CA-2015-146262,199,2,89.58,4.48,0.20
214,JH-15910,CA-2016-130162,176,6,93.06,26.06,0.00
215,JH-15910,CA-2016-130162,200,3,302.38,22.68,0.20
216,JB-15925,CA-2015-169397,201,2,5.58,1.81,0.20
217,JB-15925,CA-2015-169397,202,6,22.70,8.23,0.20
218,JB-15925,CA-2015-169397,90,4,19.78,-13.84,0.70
219,JB-15925,CA-2015-169397,203,4,72.70,19.08,0.20
220,JB-15925,CA-2015-169397,204,4,479.99,-383.99,0.70
221,JB-15925,CA-2015-169397,205,2,27.17,2.72,0.20
222,DS-13180,CA-2015-163055,206,1,2.20,0.97,0.00
223,DS-13180,CA-2015-163055,207,5,622.45,136.94,0.00
224,DS-13180,CA-2015-163055,208,1,21.98,0.22,0.00
225,VD-21670,US-2015-145436,209,2,161.57,-28.27,0.20
226,VD-21670,US-2015-145436,210,8,389.70,43.84,0.20
227,EA-14035,US-2014-156216,211,7,18.65,-12.43,0.70
228,CS-12400,US-2017-100930,212,2,233.86,-102.05,0.45
229,CS-12400,US-2017-100930,213,3,620.61,-248.25,0.45
230,CS-12400,US-2017-100930,211,2,5.33,-3.55,0.70
231,CS-12400,US-2017-100930,214,3,258.07,0.00,0.20
232,CS-12400,US-2017-100930,215,3,617.98,-7.72,0.20
233,DB-13120,CA-2017-160514,216,2,10.56,4.75,0.00
234,KL-16645,CA-2016-157749,217,5,25.92,9.40,0.20
235,KL-16645,CA-2016-157749,218,5,419.68,-356.73,0.60
236,KL-16645,CA-2016-157749,219,3,11.69,-4.68,0.60
237,KL-16645,CA-2016-157749,220,2,31.98,11.19,0.20
238,KL-16645,CA-2016-157749,221,5,177.23,-120.51,0.50
239,KL-16645,CA-2016-157749,222,3,4.04,-2.83,0.60
240,KL-16645,CA-2016-157749,181,2,7.41,1.20,0.20
241,DW-13480,CA-2014-131926,118,7,2001.86,580.54,0.00
242,DW-13480,CA-2014-131926,223,2,166.72,41.68,0.00
243,DW-13480,CA-2014-131926,224,6,47.88,23.94,0.00
244,DW-13480,CA-2014-131926,225,5,1503.25,496.07,0.00
245,DW-13480,CA-2014-131926,179,4,25.92,12.44,0.00
246,LH-17155,CA-2016-154739,226,2,321.57,28.14,0.20
247,KC-16540,CA-2016-145625,227,1,7.61,3.58,0.00
248,KC-16540,CA-2016-145625,215,13,3347.37,636.00,0.00
249,DL-13315,CA-2016-146941,228,6,80.58,22.56,0.00
250,DL-13315,CA-2016-146941,229,4,361.92,162.86,0.00
251,DR-12880,US-2015-159982,222,9,12.13,-8.49,0.60
252,DR-12880,US-2015-159982,145,5,53.92,4.04,0.20
253,DR-12880,US-2015-159982,230,6,647.90,56.69,0.20
254,CC-12670,CA-2017-163139,231,3,20.37,6.93,0.00
255,CC-12670,CA-2017-163139,232,3,221.55,6.65,0.00
256,CC-12670,CA-2017-163139,233,5,17.52,6.13,0.20
257,Dl-13600,US-2017-155299,234,2,1.62,-4.47,0.80
258,SB-20290,US-2014-106992,154,3,3059.98,-510.00,0.40
259,SB-20290,US-2014-106992,235,7,2519.96,-252.00,0.40
260,RC-19825,CA-2016-125318,236,4,328.22,28.72,0.20
261,AH-10210,CA-2015-155040,237,2,79.90,35.16,0.00
262,CB-12535,CA-2017-136826,238,3,14.02,4.73,0.20
263,PG-18895,CA-2016-111010,239,6,7.56,0.30,0.00
264,CA-12310,US-2017-145366,240,1,37.21,-7.44,0.20
265,CA-12310,US-2017-145366,241,3,57.58,21.59,0.20
266,KH-16690,CA-2017-163979,242,4,725.84,210.49,0.00
267,HA-14920,CA-2015-155334,243,7,209.93,92.37,0.00
268,HA-14920,CA-2015-155334,244,3,5.28,2.32,0.00
269,HA-14920,CA-2015-155334,245,3,10.92,4.10,0.20
270,BB-10990,CA-2017-118136,246,1,5.98,1.55,0.00
271,AG-10495,CA-2017-132976,247,2,11.65,4.08,0.20
272,AG-10495,CA-2017-132976,248,6,59.71,5.97,0.20
273,AG-10495,CA-2017-132976,249,3,24.84,8.69,0.20
274,SC-20725,US-2015-161991,250,5,2.08,-3.43,0.80
275,SC-20725,US-2015-161991,251,7,1114.40,376.11,0.20
276,JO-15280,CA-2015-130890,252,5,1038.84,51.94,0.20
277,TB-21520,CA-2015-130883,253,5,141.76,47.84,0.20
278,TB-21520,CA-2015-130883,254,5,239.80,47.96,0.20
279,TB-21520,CA-2015-130883,255,6,31.10,10.89,0.20
280,AH-10195,CA-2016-112697,256,7,254.06,-169.37,0.70
281,AH-10195,CA-2016-112697,165,2,194.53,24.32,0.20
282,AH-10195,CA-2016-112697,257,5,961.48,-204.31,0.20
283,NZ-18565,CA-2016-110772,258,7,19.10,6.68,0.20
284,NZ-18565,CA-2016-110772,259,8,18.50,6.24,0.20
285,NZ-18565,CA-2016-110772,260,2,255.98,54.40,0.20
286,NZ-18565,CA-2016-110772,261,3,86.97,-48.70,0.50
287,KL-16555,CA-2014-111451,262,8,300.42,78.86,0.20
288,KL-16555,CA-2014-111451,263,3,230.35,20.16,0.20
289,KL-16555,CA-2014-111451,264,3,218.35,-24.56,0.20
290,KL-16555,CA-2014-111451,265,5,78.60,-62.88,0.70
291,KL-16555,CA-2014-111451,266,3,27.55,9.30,0.20
292,JD-15895,CA-2016-142545,267,5,32.40,15.55,0.00
293,JD-15895,CA-2016-142545,268,3,56.91,27.32,0.00
294,JD-15895,CA-2016-142545,269,4,77.60,38.02,0.00
295,JD-15895,CA-2016-142545,270,1,14.28,6.57,0.00
296,JH-15910,US-2017-152380,271,3,219.08,-131.45,0.50
297,AS-10225,CA-2015-144253,272,2,26.80,12.86,0.00
298,KB-16600,CA-2014-130960,273,3,9.84,2.85,0.00
299,CR-12625,CA-2014-111003,274,3,45.48,20.92,0.00
300,CR-12625,CA-2014-111003,275,6,289.20,83.87,0.00
301,SH-20395,CA-2017-126774,276,1,4.89,2.00,0.00
302,BP-11185,CA-2016-142902,277,4,15.14,3.59,0.20
303,BP-11185,CA-2016-142902,278,2,466.77,52.51,0.20
304,BP-11185,CA-2016-142902,279,1,15.23,1.71,0.20
305,BP-11185,CA-2016-142902,280,3,6.26,2.04,0.20
306,TS-21205,CA-2014-120887,281,3,87.54,37.64,0.00
307,AG-10525,CA-2014-167850,282,2,178.38,22.30,0.20
308,AG-10525,CA-2014-167850,283,3,15.55,5.44,0.20
309,SP-20860,CA-2014-164259,284,4,99.14,8.67,0.20
310,NM-18445,CA-2014-164973,285,1,135.88,24.16,0.10
311,NM-18445,CA-2014-164973,286,2,3991.98,1995.99,0.00
312,NM-18445,CA-2014-164973,40,6,275.94,80.02,0.00
313,NM-18445,CA-2014-164973,287,4,360.00,129.60,0.00
314,NM-18445,CA-2014-164973,121,1,43.57,13.07,0.00
315,FA-14230,CA-2014-156601,288,2,7.16,3.58,0.00
316,GK-14620,CA-2016-162138,265,6,251.52,81.74,0.20
317,GK-14620,CA-2016-162138,289,1,99.99,35.00,0.00
318,DJ-13510,CA-2017-153339,290,1,15.99,1.00,0.20
319,PO-18850,US-2016-141544,291,3,290.90,-67.88,0.40
320,PO-18850,US-2016-141544,292,2,54.22,3.39,0.20
321,PO-18850,US-2016-141544,293,4,786.74,-258.50,0.30
322,PO-18850,US-2016-141544,294,10,100.24,33.83,0.20
323,PO-18850,US-2016-141544,295,6,37.76,-27.69,0.70
324,JL-15850,US-2016-150147,296,2,82.80,-20.70,0.40
325,JL-15850,US-2016-150147,297,2,20.72,-13.82,0.70
326,JL-15850,US-2016-150147,298,3,4.90,-3.43,0.70
327,DB-13615,CA-2015-137946,299,1,4.75,1.60,0.20
328,DB-13615,CA-2015-137946,300,2,959.98,335.99,0.20
329,DB-13615,CA-2015-137946,301,4,14.37,4.49,0.20
330,AC-10420,CA-2014-129924,302,2,7.71,2.80,0.20
331,AC-10420,CA-2014-129924,303,3,698.35,-17.46,0.20
332,JD-15895,CA-2014-122336,304,4,17.86,1.12,0.20
333,JD-15895,CA-2014-122336,14,10,509.97,-407.98,0.70
334,JD-15895,CA-2014-122336,126,13,30.99,10.07,0.20
335,CS-12130,US-2015-120712,18,4,88.80,-2.22,0.20
336,CC-12550,CA-2017-169901,124,3,47.98,4.80,0.20
337,TD-20995,CA-2017-134306,182,3,7.56,3.10,0.00
338,TD-20995,CA-2017-134306,33,2,24.56,11.54,0.00
339,TD-20995,CA-2017-134306,305,2,12.96,4.15,0.00
340,AB-10060,CA-2016-129714,231,1,6.79,2.31,0.00
341,AB-10060,CA-2016-129714,306,2,24.56,11.54,0.00
342,AB-10060,CA-2016-129714,307,1,3.05,1.07,0.20
343,AB-10060,CA-2016-129714,306,4,49.12,23.09,0.00
344,AB-10060,CA-2016-129714,308,4,4355.17,1415.43,0.20
345,JL-15505,CA-2016-138520,309,6,388.70,-4.86,0.20
346,JL-15505,CA-2016-138520,310,2,8.26,3.80,0.00
347,JL-15505,CA-2016-138520,311,4,17.04,6.99,0.00
348,JL-15505,CA-2016-138520,312,5,34.40,15.82,0.00
349,HK-14890,CA-2016-130001,185,5,36.24,11.33,0.20
350,VB-21745,CA-2017-155698,313,8,647.84,168.44,0.00
351,VB-21745,CA-2017-155698,314,2,20.70,9.94,0.00
352,KW-16435,CA-2017-144904,314,2,20.70,9.94,0.00
353,KW-16435,CA-2017-144904,315,3,488.65,86.87,0.10
354,KW-16435,CA-2017-144904,316,2,5.56,1.45,0.00
355,KW-16435,CA-2017-144904,317,8,47.12,20.73,0.00
356,JD-16060,CA-2014-123344,45,4,211.96,8.48,0.00
357,MK-17905,CA-2016-155516,318,4,23.20,10.44,0.00
358,MK-17905,CA-2016-155516,319,2,7.36,0.15,0.00
359,MK-17905,CA-2016-155516,320,7,104.79,29.34,0.00
360,MK-17905,CA-2016-155516,37,4,1043.92,271.42,0.00
361,GT-14755,CA-2017-104745,321,5,25.92,9.40,0.20
362,GT-14755,CA-2017-104745,322,3,53.42,4.67,0.20
363,AG-10900,US-2014-119137,298,5,8.16,-5.71,0.70
364,AG-10900,US-2014-119137,323,8,1023.94,179.19,0.20
365,AG-10900,US-2014-119137,324,1,9.24,0.92,0.20
366,AG-10900,US-2014-119137,325,10,479.04,-29.94,0.20
367,MM-18280,US-2016-134656,326,4,99.14,30.98,0.20
368,AR-10405,US-2017-134481,327,7,1488.42,-297.68,0.30
369,RA-19915,CA-2015-130792,328,3,8.65,-20.33,0.80
370,RA-19915,CA-2015-130792,329,3,23.83,2.68,0.20
371,AS-10285,CA-2016-134775,330,7,50.96,25.48,0.00
372,AS-10285,CA-2016-134775,331,3,49.54,17.34,0.20
373,LA-16780,CA-2015-125395,332,2,41.90,8.80,0.00
374,DO-13435,US-2015-168935,333,3,375.46,-157.01,0.45
375,DO-13435,US-2015-168935,334,3,83.98,-1.05,0.20
376,DK-13225,CA-2015-122756,335,4,482.34,-337.64,0.70
377,DK-13225,CA-2015-122756,336,1,2.96,0.78,0.20
378,NG-18430,CA-2014-115973,337,1,2.62,0.43,0.20
379,MV-18190,CA-2017-101798,338,4,23.36,7.88,0.20
380,MV-18190,CA-2017-101798,83,2,39.98,13.59,0.00
381,JG-15115,US-2014-135972,339,2,246.38,27.72,0.20
382,JG-15115,US-2014-135972,340,3,1799.97,701.99,0.00
383,BP-11095,US-2014-134971,341,3,12.46,-20.56,0.80
384,VP-21730,CA-2017-102946,342,3,75.79,25.58,0.20
385,SS-20140,CA-2017-165603,343,2,49.96,9.49,0.00
386,SS-20140,CA-2017-165603,344,2,12.96,6.22,0.00
387,HP-14815,CA-2015-122259,345,4,70.12,21.04,0.00
388,AG-10675,CA-2016-108987,346,3,35.95,3.60,0.20
389,AG-10675,CA-2016-108987,27,4,2396.27,-317.15,0.32
390,AG-10675,CA-2016-108987,347,4,131.14,-32.78,0.20
391,AG-10675,CA-2016-108987,348,2,57.58,0.72,0.20
392,LF-17185,CA-2014-113166,349,2,9.57,3.47,0.20
393,SP-20650,CA-2014-155208,350,6,39.07,9.77,0.20
394,RF-19840,CA-2017-117933,351,3,35.91,9.70,0.00
395,KH-16510,CA-2017-117457,348,5,179.95,37.79,0.00
396,KH-16510,CA-2017-117457,352,3,1199.98,434.99,0.20
397,KH-16510,CA-2017-117457,353,5,27.15,13.30,0.00
398,KH-16510,CA-2017-117457,354,7,1004.02,-112.95,0.20
399,KH-16510,CA-2017-117457,355,1,9.68,4.65,0.00
400,KH-16510,CA-2017-117457,356,9,28.35,13.61,0.00
401,KH-16510,CA-2017-117457,357,1,55.98,27.43,0.00
402,KH-16510,CA-2017-117457,358,13,1336.83,31.45,0.15
403,KH-16510,CA-2017-117457,359,2,113.57,-18.45,0.20
404,KC-16675,CA-2017-142636,360,7,139.86,65.73,0.00
405,KC-16675,CA-2017-142636,263,4,307.14,26.87,0.20
406,CJ-12010,CA-2017-122105,361,8,95.92,25.90,0.00
407,PB-19150,CA-2016-148796,362,5,383.80,38.38,0.20
408,VB-21745,CA-2017-154816,363,1,5.78,2.83,0.00
409,SP-20860,CA-2017-110478,364,4,9.32,2.70,0.00
410,SP-20860,CA-2017-110478,365,1,15.25,7.02,0.00
411,JE-15745,CA-2014-142048,366,6,196.75,56.57,0.20
412,MP-17965,CA-2017-125388,367,4,56.56,14.71,0.00
413,MP-17965,CA-2017-125388,368,3,32.70,8.50,0.00
414,NF-18385,CA-2017-155705,369,4,866.40,225.26,0.00
415,JM-15265,CA-2017-149160,370,2,28.40,11.08,0.00
416,JM-15265,CA-2017-149160,371,8,287.92,138.20,0.00
417,SD-20485,CA-2014-101476,372,1,69.99,30.10,0.00
418,KH-16630,CA-2017-152275,373,6,6.67,0.50,0.20
419,RB-19795,US-2016-123750,374,2,189.59,-145.35,0.70
420,RB-19795,US-2016-123750,170,7,408.74,76.64,0.20
421,RB-19795,US-2016-123750,170,5,291.96,54.74,0.20
422,RB-19795,US-2016-123750,375,2,4.77,-0.77,0.20
423,DB-13060,CA-2016-127369,376,5,714.30,207.15,0.00
424,MK-18160,US-2014-150574,377,2,4.81,-3.69,0.70
425,MK-18160,US-2014-150574,378,5,247.80,-18.59,0.20
426,PO-19180,CA-2016-147375,379,3,1007.98,43.20,0.30
427,PO-19180,CA-2016-147375,357,7,313.49,113.64,0.20
428,BB-11545,CA-2017-130043,380,8,31.87,11.55,0.20
429,CV-12805,CA-2017-157252,381,3,207.85,2.31,0.10
430,PK-19075,CA-2016-115756,382,1,12.22,3.67,0.00
431,PK-19075,CA-2016-115756,383,3,194.94,23.39,0.00
432,PK-19075,CA-2016-115756,384,3,70.95,20.58,0.00
433,PK-19075,CA-2016-115756,385,3,242.94,29.15,0.00
434,PK-19075,CA-2016-115756,386,7,22.05,10.58,0.00
435,TB-21595,CA-2017-154214,387,1,2.91,1.37,0.00
436,RB-19360,CA-2016-166674,388,3,59.52,15.48,0.00
437,RB-19360,CA-2016-166674,389,3,161.94,9.72,0.00
438,RB-19360,CA-2016-166674,390,6,263.88,71.25,0.00
439,RB-19360,CA-2016-166674,391,3,30.48,7.92,0.00
440,RB-19360,CA-2016-166674,392,3,9.84,2.85,0.00
441,RB-19360,CA-2016-166674,393,4,35.12,9.13,0.00
442,EB-13705,CA-2017-147277,11,2,284.36,-75.83,0.40
443,EB-13705,CA-2017-147277,394,2,665.41,66.54,0.20
444,KH-16630,CA-2016-100153,395,4,63.88,24.91,0.00
445,SC-20095,US-2014-110674,396,2,129.57,-24.29,0.20
446,NF-18385,US-2016-157945,397,3,747.56,-96.11,0.30
447,NF-18385,US-2016-157945,398,2,8.93,3.35,0.20
448,JH-15985,CA-2015-109638,399,4,103.92,36.37,0.00
449,JH-15985,CA-2015-109638,400,9,899.91,377.96,0.00
450,JH-15985,CA-2015-109638,401,3,51.31,18.60,0.20
451,TN-21040,CA-2016-109869,317,5,23.56,7.07,0.20
452,TN-21040,CA-2016-109869,402,6,1272.63,-814.48,0.50
453,TN-21040,CA-2016-109869,403,5,28.49,-20.89,0.70
454,TN-21040,CA-2016-109869,404,2,185.38,-34.76,0.20
455,TN-21040,CA-2016-109869,405,2,78.27,5.87,0.20
456,JS-15940,US-2015-101399,264,7,254.74,-312.06,0.60
457,DS-13180,CA-2017-154907,406,2,205.33,-36.24,0.32
458,CC-12670,US-2016-100419,407,3,4.79,-7.90,0.80
459,MH-17785,CA-2015-154144,408,1,55.48,26.63,0.00
460,JP-15520,CA-2014-144666,409,3,340.92,3.41,0.00
461,JP-15520,CA-2014-144666,410,2,222.67,10.48,0.15
462,JP-15520,CA-2014-144666,411,4,703.97,88.00,0.20
463,JP-15520,CA-2014-144666,412,6,92.52,24.98,0.00
464,JP-15520,CA-2014-144666,413,5,94.85,45.53,0.00
465,KH-16690,CA-2016-103891,414,6,95.76,7.18,0.20
466,JE-15475,CA-2016-152632,272,3,40.20,19.30,0.00
467,JG-15805,CA-2016-100790,415,5,14.70,6.62,0.00
468,JG-15805,CA-2016-100790,416,5,704.25,84.51,0.00
469,XP-21865,CA-2014-134677,417,3,9.09,1.91,0.00
470,EM-14065,CA-2014-127691,78,2,5.96,1.67,0.00
471,EM-14065,CA-2014-127691,418,2,159.98,57.59,0.00
472,MT-18070,CA-2017-140963,419,2,29.60,14.80,0.00
473,MT-18070,CA-2017-140963,420,5,514.17,-30.25,0.15
474,MT-18070,CA-2017-140963,421,5,279.96,17.50,0.20
475,SA-20830,CA-2014-154627,422,6,2735.95,341.99,0.20
476,CW-11905,CA-2014-133753,423,1,7.99,0.60,0.20
477,CW-11905,CA-2014-133753,424,2,63.98,10.40,0.20
478,CW-11905,CA-2014-133753,390,2,70.37,6.16,0.20
479,AJ-10960,CA-2014-113362,425,5,449.15,8.98,0.00
480,AJ-10960,CA-2014-113362,426,3,11.07,5.09,0.00
481,SS-20590,CA-2016-169166,427,2,93.98,13.16,0.00
482,RO-19780,US-2016-120929,428,3,189.88,-94.94,0.40
483,MD-17350,CA-2015-134782,429,2,105.42,51.66,0.00
484,SC-20095,CA-2016-126158,430,8,119.62,40.37,0.20
485,SC-20095,CA-2016-126158,431,4,255.76,81.84,0.00
486,SC-20095,CA-2016-126158,285,2,241.57,18.12,0.20
487,SC-20095,CA-2016-126158,432,9,69.30,22.87,0.00
488,MY-17380,US-2016-105578,433,2,22.62,-15.08,0.70
489,MY-17380,US-2016-105578,434,2,14.95,-11.96,0.70
490,MY-17380,US-2016-105578,435,2,801.57,50.10,0.20
491,MY-17380,US-2016-105578,436,3,2.38,-1.90,0.70
492,MY-17380,US-2016-105578,437,1,32.79,11.89,0.20
493,EB-13705,CA-2017-134978,120,5,15.92,5.37,0.20
494,CM-12385,CA-2015-145352,438,1,2.74,0.74,0.00
495,CM-12385,CA-2015-145352,439,3,8.34,2.17,0.00
496,CM-12385,CA-2015-145352,440,3,46.74,11.69,0.00
497,CM-12385,CA-2015-145352,441,5,6354.95,3177.48,0.00
498,LS-17245,CA-2017-135307,442,3,126.30,40.42,0.00
499,LS-17245,CA-2017-135307,443,2,38.04,12.17,0.00
500,LF-17185,CA-2016-106341,78,3,7.15,0.72,0.20
501,BN-11515,CA-2017-163405,444,3,6.63,1.79,0.00
502,BN-11515,CA-2017-163405,445,2,5.88,1.71,0.00
503,AD-10180,CA-2017-127432,446,5,2999.95,1379.98,0.00
504,AD-10180,CA-2017-127432,447,3,51.45,13.89,0.00
505,AD-10180,CA-2017-127432,448,2,11.96,5.38,0.00
506,AD-10180,CA-2017-127432,449,3,1126.02,56.30,0.00
507,DB-13210,CA-2015-157812,43,1,18.39,5.29,0.20
508,DB-13210,CA-2015-157812,450,2,129.57,-25.91,0.20
509,DB-13210,CA-2015-157812,451,9,14.11,-21.17,0.80
510,MC-17605,CA-2017-145142,428,2,210.98,21.10,0.00
511,LH-17155,US-2016-139486,452,3,55.18,-12.41,0.20
512,LH-17155,US-2016-139486,453,2,66.26,27.17,0.00
513,BD-11605,CA-2015-158792,454,5,22.20,10.43,0.00
514,PH-18790,CA-2017-113558,455,3,683.95,42.75,0.20
515,PH-18790,CA-2017-113558,279,3,45.70,5.14,0.20
516,MG-18145,US-2015-138303,456,3,36.34,-7.27,0.20
517,MG-18145,US-2015-138303,457,1,666.25,-149.91,0.20
518,MG-18145,US-2015-138303,458,6,52.51,19.69,0.20
519,KB-16240,CA-2015-102848,459,1,190.72,11.92,0.20
520,JC-15340,US-2017-129441,460,3,47.94,2.40,0.00
521,RL-19615,CA-2016-168753,461,5,979.95,274.39,0.00
522,RL-19615,CA-2016-168753,245,5,22.75,11.38,0.00
523,AA-10375,CA-2016-126613,462,2,16.77,1.47,0.20
524,EP-13915,US-2017-122637,463,7,42.62,-68.19,0.80
525,MP-17470,CA-2015-147851,464,4,10.75,3.36,0.20
526,DK-12985,CA-2015-134894,465,3,152.94,41.29,0.00
527,DK-12985,CA-2015-134894,466,4,283.92,70.98,0.00
528,BD-11500,CA-2014-140795,467,6,468.90,206.32,0.00
529,ES-14080,CA-2016-136924,468,8,380.86,38.09,0.20
530,LM-17065,US-2015-120161,425,9,646.78,-145.52,0.20
531,PG-18895,CA-2014-103849,469,2,58.11,7.26,0.20
532,PG-18895,CA-2014-103849,470,1,100.79,6.30,0.20
533,PG-18895,CA-2014-103849,471,4,66.11,-84.29,0.60
534,AS-10135,CA-2017-162929,472,6,41.28,13.93,0.20
535,AS-10135,CA-2017-162929,473,2,13.36,6.41,0.00
536,DK-13225,CA-2015-113173,54,9,250.27,15.64,0.20
537,DK-13225,CA-2015-113173,91,3,11.36,-17.05,0.80
538,DK-13225,CA-2015-113173,474,5,8.72,-1.74,0.20
539,BD-11320,CA-2016-136406,475,2,1121.57,0.00,0.20
540,RC-19960,CA-2017-112774,476,1,34.50,6.04,0.20
541,GT-14710,CA-2017-101945,477,3,10.82,2.57,0.20
542,DK-13225,CA-2017-100650,478,2,1295.78,310.99,0.00
543,AJ-10945,CA-2014-155852,479,4,19.46,3.40,0.20
544,OT-18730,CA-2016-113243,480,2,20.70,9.94,0.00
545,OT-18730,CA-2016-113243,481,4,1335.68,-217.05,0.20
546,OT-18730,CA-2016-113243,482,5,32.40,15.55,0.00
547,LP-17080,CA-2017-118731,370,3,42.60,16.61,0.00
548,LP-17080,CA-2017-118731,483,7,84.06,27.32,0.20
549,CA-12775,CA-2014-145576,484,5,13.00,1.30,0.20
550,CA-12775,CA-2014-145576,485,3,13.13,3.77,0.20
551,JF-15490,CA-2015-130736,486,2,3.96,0.00,0.00
552,JF-15490,CA-2015-130736,280,1,2.61,1.20,0.00
553,FP-14320,CA-2017-137099,487,3,374.38,46.80,0.20
554,EB-13840,CA-2017-156951,488,8,91.84,45.00,0.00
555,EB-13840,CA-2017-156951,489,7,81.09,27.37,0.20
556,EB-13840,CA-2017-156951,490,3,19.44,9.33,0.00
557,EB-13840,CA-2017-156951,491,3,451.15,0.00,0.20
558,JF-15415,CA-2017-164826,480,7,72.45,34.78,0.00
559,JF-15415,CA-2017-164826,201,4,13.96,6.42,0.00
560,JF-15415,CA-2017-164826,299,7,33.26,11.23,0.20
561,JF-15415,CA-2017-164826,492,3,14.85,4.01,0.00
562,SF-20200,CA-2016-127250,493,3,8.82,2.38,0.00
563,TG-21640,CA-2015-149713,488,14,160.72,78.75,0.00
564,TG-21640,CA-2015-149713,494,4,19.92,9.76,0.00
565,TG-21640,CA-2015-149713,495,2,7.30,2.19,0.00
566,CS-11950,CA-2017-118640,121,2,69.71,8.71,0.20
567,CC-12145,CA-2015-132906,496,4,51.52,1.55,0.00
568,DV-13465,CA-2017-145233,34,3,470.38,52.92,0.20
569,DV-13465,CA-2017-145233,497,2,105.58,9.24,0.20
570,DV-13465,CA-2017-145233,94,3,31.15,3.50,0.20
571,DV-13465,CA-2017-145233,498,7,6.78,-4.75,0.70
572,DV-13465,CA-2017-145233,142,4,406.37,30.48,0.20
573,BD-11725,CA-2015-128139,359,1,70.98,4.97,0.00
574,BD-11725,CA-2015-128139,499,3,294.93,144.52,0.00
575,ZC-21910,US-2016-156986,500,2,84.78,-20.14,0.20
576,ZC-21910,US-2016-156986,501,4,20.74,7.26,0.20
577,ZC-21910,US-2016-156986,430,3,16.82,-12.90,0.70
578,ZC-21910,US-2016-156986,502,2,10.37,3.63,0.20
579,MS-17830,CA-2014-135405,503,2,9.34,1.17,0.20
580,MS-17830,CA-2014-135405,195,3,31.20,9.75,0.20
581,LR-16915,CA-2014-131450,504,2,76.12,22.07,0.00
582,LR-16915,CA-2014-131450,352,3,1199.98,434.99,0.20
583,LR-16915,CA-2014-131450,282,5,445.96,55.75,0.20
584,LR-16915,CA-2014-131450,505,8,327.76,91.77,0.00
585,TP-21130,CA-2016-120180,506,2,11.63,1.02,0.20
586,CK-12205,US-2016-100720,507,3,143.98,-28.80,0.40
587,CK-12205,US-2016-100720,508,4,494.38,-115.35,0.40
588,CK-12205,US-2016-100720,495,2,5.84,0.73,0.20
589,AS-10240,CA-2014-149958,509,1,142.78,17.85,0.20
590,AS-10240,CA-2014-149958,279,3,45.70,5.14,0.20
591,AS-10240,CA-2014-149958,377,3,7.22,-5.53,0.70
592,AS-10240,CA-2014-149958,371,4,43.19,-31.67,0.70
593,AS-10240,CA-2014-149958,510,3,131.90,47.82,0.20
594,AR-10510,US-2014-105767,511,2,3.28,-2.63,0.70
595,AR-10510,US-2014-105767,445,9,21.17,2.38,0.20
596,AR-10510,US-2014-105767,512,2,55.19,-10.12,0.40
597,NB-18655,CA-2016-161816,339,3,369.58,41.58,0.20
598,NB-18655,CA-2016-161816,513,4,15.71,5.70,0.20
599,GD-14590,CA-2016-121223,514,2,8.45,2.64,0.20
600,GD-14590,CA-2016-121223,515,9,728.95,-157.94,0.40
601,CK-12595,CA-2017-138611,220,10,119.94,15.99,0.40
602,CK-12595,CA-2017-138611,516,2,3.65,-2.80,0.70
603,NG-18355,CA-2017-117947,517,2,40.48,15.79,0.00
604,NG-18355,CA-2017-117947,518,2,9.94,3.08,0.00
605,NG-18355,CA-2017-117947,519,9,107.42,33.57,0.20
606,NG-18355,CA-2017-117947,520,1,37.91,10.99,0.00
607,NG-18355,CA-2017-117947,137,3,88.02,27.29,0.00
608,CA-12265,US-2014-111171,521,5,8.69,-14.77,0.80
609,SF-20965,CA-2015-138009,522,2,301.96,87.57,0.00
610,SF-20965,CA-2015-138009,523,5,555.21,178.90,0.10
611,SF-20965,CA-2015-138009,524,4,523.48,130.87,0.00
612,SF-20965,CA-2015-138009,31,9,161.82,46.93,0.00
613,MO-17800,CA-2017-163020,525,7,35.56,12.09,0.00
614,AT-10735,CA-2017-153787,526,2,97.16,28.18,0.00
615,FM-14380,US-2016-135720,527,3,243.38,-51.72,0.20
616,FM-14380,US-2016-135720,528,5,119.80,29.95,0.20
617,FM-14380,US-2016-135720,529,4,300.77,30.08,0.20
618,BD-11605,CA-2017-144694,530,3,17.88,2.46,0.20
619,BD-11605,CA-2017-144694,499,3,235.94,85.53,0.20
620,DJ-13420,CA-2015-168004,531,3,392.94,43.22,0.00
621,ME-17725,US-2016-123470,532,3,18.88,-13.85,0.70
622,ME-17725,US-2016-123470,533,3,122.33,12.23,0.20
623,RB-19465,CA-2016-115917,218,5,1049.20,272.79,0.00
624,RB-19465,CA-2016-115917,534,4,15.42,5.01,0.20
625,JD-16150,CA-2016-147067,535,3,18.84,6.03,0.00
626,JL-15835,CA-2017-167913,536,2,330.40,85.90,0.00
627,JL-15835,CA-2017-167913,537,7,26.25,12.60,0.00
628,SC-20305,CA-2017-106103,453,4,132.52,54.33,0.00
629,TW-21025,US-2017-127719,538,1,6.48,3.18,0.00
630,CC-12430,CA-2017-126221,539,2,209.30,56.51,0.00
631,BB-10990,CA-2016-103947,540,5,31.56,9.86,0.20
632,BB-10990,CA-2016-103947,541,2,30.14,3.01,0.20
633,AR-10825,CA-2016-160745,336,4,14.80,6.07,0.00
634,AR-10825,CA-2016-160745,171,3,302.38,22.68,0.20
635,AR-10825,CA-2016-160745,542,4,316.00,31.60,0.00
636,SR-20740,CA-2016-132661,67,10,379.40,178.32,0.00
637,AR-10405,CA-2017-140844,62,2,97.82,45.98,0.00
638,AR-10405,CA-2017-140844,543,8,103.12,10.31,0.00
639,CR-12730,CA-2016-137239,544,2,113.55,8.52,0.20
640,CR-12730,CA-2016-137239,545,2,3.32,-2.65,0.70
641,CR-12730,CA-2016-137239,546,2,134.29,45.32,0.20
642,EH-14125,US-2016-156097,435,2,701.37,-50.10,0.30
643,EH-14125,US-2016-156097,68,2,2.31,-3.46,0.80
644,CB-12025,CA-2015-146563,509,7,999.43,124.93,0.20
645,CB-12025,CA-2015-146563,547,14,724.08,-135.77,0.20
646,CB-12025,CA-2015-146563,112,5,918.79,-118.13,0.30
647,CB-12025,CA-2015-146563,107,3,2.72,-4.22,0.80
648,SP-20545,CA-2016-123666,194,5,459.95,18.40,0.00
649,RC-19825,CA-2016-143308,108,3,10.74,5.26,0.00
650,TH-21235,CA-2017-132682,548,3,23.76,2.08,0.20
651,TH-21235,CA-2017-132682,253,3,85.06,28.71,0.20
652,TH-21235,CA-2017-132682,549,3,381.58,28.62,0.20
653,RP-19390,CA-2014-156314,550,5,30.36,8.73,0.20
654,MO-17800,US-2017-106663,551,3,23.98,-14.39,0.60
655,MO-17800,US-2017-106663,552,1,108.93,-71.89,0.50
656,TD-20995,CA-2017-111178,553,5,19.56,1.71,0.20
657,RB-19570,CA-2017-130351,554,3,61.44,16.59,0.00
658,RB-19570,CA-2017-130351,555,5,38.90,17.51,0.00
659,RB-19570,CA-2017-130351,453,3,99.39,40.75,0.00
660,CD-11980,US-2017-119438,556,3,2.69,-7.39,0.80
661,CD-11980,US-2017-119438,557,3,27.82,4.52,0.20
662,CD-11980,US-2017-119438,558,3,82.52,-41.26,0.60
663,CD-11980,US-2017-119438,559,3,182.99,-320.24,0.80
664,DJ-13630,CA-2016-164511,560,3,14.35,4.66,0.20
665,DJ-13630,CA-2016-164511,561,2,64.96,2.60,0.00
666,DJ-13630,CA-2016-164511,447,4,68.60,18.52,0.00
667,GT-14635,US-2017-168116,562,4,7999.98,-3839.99,0.50
668,GT-14635,US-2017-168116,539,2,167.44,14.65,0.20
669,MC-17845,CA-2014-157784,323,3,479.97,163.19,0.00
670,MC-17845,CA-2014-157784,563,2,14.62,6.87,0.00
671,MC-17845,CA-2014-157784,87,3,19.44,9.33,0.00
672,RA-19285,CA-2017-161480,564,2,191.98,4.80,0.20
673,NP-18325,US-2014-117135,565,1,104.01,14.56,0.00
674,NP-18325,US-2014-117135,12,1,284.82,74.05,0.00
675,NP-18325,US-2014-117135,566,3,36.84,10.32,0.00
676,AB-10165,CA-2015-131534,567,1,166.24,24.94,0.00
677,AB-10165,CA-2015-131534,568,5,33.40,16.03,0.00
678,JO-15550,CA-2015-119291,284,8,198.27,17.35,0.20
679,JO-15550,CA-2015-119291,569,4,47.36,17.76,0.20
680,JO-15550,CA-2015-119291,80,7,200.98,62.81,0.20
681,JO-15550,CA-2015-119291,570,4,97.70,31.75,0.20
682,JO-15550,CA-2015-119291,571,1,2.70,0.81,0.20
683,JO-15550,CA-2015-119291,572,2,18.59,-13.63,0.70
684,JO-15550,CA-2015-119291,298,3,4.90,-3.43,0.70
685,Dl-13600,CA-2017-114552,189,3,15.07,4.14,0.20
686,AS-10285,CA-2016-163755,573,3,209.88,35.68,0.00
687,JK-15370,CA-2015-142027,574,3,369.91,-13.87,0.20
688,BN-11470,CA-2014-138527,575,2,10.37,3.63,0.20
689,BN-11470,CA-2014-138527,576,5,166.84,18.77,0.20
690,BN-11470,CA-2014-138527,443,1,15.22,2.28,0.20
691,DP-13165,CA-2014-112158,243,4,119.96,52.78,0.00
692,DP-13165,CA-2014-112158,577,5,883.92,-110.49,0.20
693,DP-13165,CA-2014-112158,338,8,46.72,15.77,0.20
694,TH-21550,CA-2014-113887,408,1,55.48,26.63,0.00
695,AP-10915,CA-2017-146136,578,4,24.45,8.86,0.20
696,RS-19765,US-2017-100048,579,6,281.34,109.72,0.00
697,RS-19765,US-2017-100048,339,2,307.98,89.31,0.00
698,RS-19765,US-2017-100048,580,3,299.97,113.99,0.00
699,Dl-13600,CA-2014-153150,581,5,19.92,6.97,0.20
700,SV-20365,CA-2014-130092,518,2,9.94,3.08,0.00
701,KC-16540,CA-2017-108910,582,3,103.06,24.48,0.20
702,CK-12325,CA-2014-104472,434,3,59.81,19.44,0.20
703,CK-12325,CA-2014-104472,382,6,73.32,22.00,0.00
704,RD-19810,CA-2016-112942,583,3,146.82,73.41,0.00
705,MP-17965,CA-2016-142335,584,3,1652.94,231.41,0.00
706,MP-17965,CA-2016-142335,585,3,296.37,80.02,0.00
707,MR-17545,CA-2014-117429,586,5,129.92,21.11,0.20
708,SC-20695,CA-2016-114713,587,7,45.58,5.13,0.20
709,JF-15355,CA-2017-144113,588,2,17.57,6.37,0.20
710,JF-15355,CA-2017-144113,589,1,55.99,5.60,0.20
711,EG-13900,US-2016-150861,590,8,182.72,84.05,0.00
712,EG-13900,US-2016-150861,591,2,400.03,-153.35,0.40
713,EG-13900,US-2016-150861,592,3,33.63,10.09,0.00
714,EG-13900,US-2016-150861,226,3,542.65,102.50,0.10
715,EG-13900,US-2016-150861,386,2,6.30,3.02,0.00
716,DS-13030,CA-2017-131954,450,3,242.94,9.72,0.00
717,DS-13030,CA-2017-131954,593,3,179.97,86.39,0.00
718,DS-13030,CA-2017-131954,341,6,99.70,33.65,0.20
719,DS-13030,CA-2017-131954,44,4,27.94,9.43,0.20
720,DS-13030,CA-2017-131954,594,1,84.98,18.70,0.00
721,DS-13030,CA-2017-131954,595,5,18.72,6.55,0.20
722,GZ-14470,CA-2014-132500,596,2,49.98,8.50,0.00
723,PO-19195,CA-2014-112326,597,3,11.78,4.27,0.20
724,PO-19195,CA-2014-112326,409,3,272.74,-64.77,0.20
725,PO-19195,CA-2014-112326,598,2,3.54,-5.49,0.80
726,SS-20875,US-2016-146710,496,5,51.52,-10.95,0.20
727,SS-20875,US-2016-146710,599,1,4.62,1.68,0.20
728,MH-17785,CA-2014-124429,221,10,567.12,-28.36,0.20
729,MH-17785,CA-2014-124429,425,4,359.32,7.19,0.00
730,PB-19105,CA-2016-150889,600,1,11.99,0.90,0.20
731,RF-19735,CA-2017-126074,601,3,58.05,26.70,0.00
732,RF-19735,CA-2017-126074,602,11,157.74,56.79,0.00
733,RF-19735,CA-2017-126074,350,7,56.98,22.79,0.00
734,RF-19735,CA-2017-126074,603,1,2.88,1.41,0.00
735,YC-21895,CA-2016-110499,604,3,1199.98,374.99,0.20
736,MS-17830,CA-2015-135272,551,4,79.92,28.77,0.00
737,NB-18655,CA-2016-140928,605,4,383.44,-167.32,0.45
738,DC-13285,CA-2014-106803,566,2,24.56,6.88,0.00
739,DC-13285,CA-2014-106803,528,4,119.80,47.92,0.00
740,CP-12340,CA-2017-117240,511,3,13.13,4.27,0.20
741,AR-10510,CA-2015-112319,482,9,58.32,27.99,0.00
742,JC-16105,CA-2017-126046,606,3,12.39,5.70,0.00
743,LH-17020,CA-2015-114923,159,3,107.98,-27.00,0.40
744,CS-12250,CA-2014-162775,151,2,11.36,5.34,0.00
745,CS-12250,CA-2014-162775,607,3,50.94,25.47,0.00
746,CS-12250,CA-2014-162775,608,6,646.74,258.70,0.00
747,CS-12250,CA-2014-162775,609,3,5.64,2.71,0.00
748,CS-12250,CA-2014-162775,610,6,572.58,34.35,0.00
749,AJ-10795,CA-2014-106810,611,2,310.88,23.32,0.20
750,LE-16810,CA-2016-157245,612,2,641.96,179.75,0.00
751,BV-11245,CA-2017-104220,613,2,18.28,9.14,0.00
752,BV-11245,CA-2017-104220,296,3,207.00,51.75,0.00
753,BV-11245,CA-2017-104220,614,5,32.35,16.18,0.00
754,BV-11245,CA-2017-104220,9,1,7.71,3.47,0.00
755,BV-11245,CA-2017-104220,615,2,40.30,10.88,0.00
756,BV-11245,CA-2017-104220,616,7,34.58,14.52,0.00
757,DL-12865,CA-2014-165974,617,7,32.76,3.69,0.20
758,NZ-18565,CA-2015-144267,618,3,544.01,40.80,0.20
759,NZ-18565,CA-2015-144267,360,3,59.94,28.17,0.00
760,NZ-18565,CA-2015-144267,349,4,23.92,11.72,0.00
761,NZ-18565,CA-2015-144267,619,1,4.28,1.93,0.00
762,BM-11785,US-2015-157014,401,5,32.07,-22.45,0.70
763,BM-11785,US-2015-157014,46,2,24.00,-2.70,0.20
764,BM-11785,US-2015-157014,620,1,35.49,-15.62,0.50
765,BM-11785,US-2015-157014,621,2,47.98,0.60,0.20
766,EA-14035,CA-2015-154921,622,3,186.69,87.74,0.00
767,CL-12565,CA-2017-129567,623,2,17.46,5.89,0.20
768,LT-17110,CA-2015-154620,624,2,348.93,34.89,0.20
769,SA-20830,CA-2015-115938,371,4,143.96,69.10,0.00
770,SA-20830,CA-2015-115938,412,1,15.42,4.16,0.00
771,SA-20830,CA-2015-115938,625,8,43.04,21.09,0.00
772,SA-20830,CA-2015-115938,626,3,332.94,79.91,0.00
773,JK-15730,CA-2016-105256,627,5,1363.96,85.25,0.20
774,ES-14020,CA-2014-156433,628,2,9.96,4.58,0.00
775,ES-14020,CA-2014-156433,353,4,21.72,10.64,0.00
776,RH-19495,CA-2017-151428,603,7,20.16,9.88,0.00
777,DB-13120,CA-2015-124653,629,7,132.79,63.74,0.00
778,DB-13120,CA-2015-124653,13,2,12.96,6.22,0.00
779,DB-13120,CA-2015-124653,630,7,21.56,10.35,0.00
780,CD-11920,CA-2015-101910,466,5,283.92,17.75,0.20
781,HW-14935,CA-2017-105809,631,1,22.23,7.34,0.00
782,HW-14935,CA-2017-105809,230,2,215.97,18.90,0.20
783,HW-14935,CA-2016-136133,632,9,355.32,99.49,0.00
784,MC-18130,CA-2016-115504,633,2,12.96,6.22,0.00
785,GM-14440,CA-2017-135783,634,2,18.28,6.22,0.00
786,RA-19915,CA-2014-134313,635,3,43.18,4.32,0.20
787,RA-19915,CA-2014-134313,636,4,1983.97,248.00,0.20
788,AA-10375,CA-2015-140921,370,2,28.40,11.08,0.00
789,AA-10375,CA-2015-140921,637,3,149.97,50.99,0.00
790,ZC-21910,CA-2014-151995,638,4,11.52,3.23,0.00
791,ZC-21910,CA-2014-151995,252,5,1298.55,311.65,0.00
792,ZC-21910,CA-2014-151995,639,4,213.92,62.04,0.00
793,ZC-21910,CA-2014-151995,543,2,25.78,2.58,0.00
794,PJ-19015,CA-2017-143686,634,2,18.28,6.22,0.00
795,PJ-19015,CA-2017-143686,640,7,1399.93,601.97,0.00
796,BW-11110,CA-2015-106565,179,8,51.84,24.88,0.00
797,DB-13210,CA-2016-149370,641,1,5.34,1.87,0.20
798,CA-12775,CA-2014-140858,87,8,41.47,14.52,0.20
799,CA-12775,CA-2014-140858,642,3,3.17,-2.43,0.70
800,CA-12775,CA-2014-140858,643,5,1228.47,0.00,0.30
801,CA-12775,CA-2014-140858,644,3,31.09,-22.80,0.70
802,CA-12775,CA-2014-140858,645,4,335.52,117.43,0.20
803,TR-21325,CA-2017-101434,646,3,239.97,71.99,0.00
804,TR-21325,CA-2017-101434,597,2,9.82,4.81,0.00
805,PG-18820,US-2014-102071,647,4,67.80,4.07,0.00
806,PG-18820,US-2014-102071,199,3,167.97,40.31,0.00
807,GT-14710,CA-2017-126956,648,7,35.00,16.80,0.00
808,GT-14710,CA-2017-126956,649,4,37.24,10.80,0.00
809,GT-14710,CA-2017-126956,650,2,15.28,7.49,0.00
810,JE-15745,CA-2017-129462,651,2,301.96,90.59,0.00
811,JE-15745,CA-2017-129462,652,3,180.66,50.58,0.00
812,JE-15745,CA-2017-129462,653,2,191.98,51.83,0.00
813,JE-15745,CA-2017-129462,654,1,65.99,17.16,0.00
814,JB-15400,CA-2016-165316,655,2,35.22,2.64,0.20
815,JB-15400,CA-2016-165316,656,2,23.70,6.52,0.20
816,JB-15400,CA-2016-165316,657,1,265.48,-111.50,0.50
817,LH-17020,US-2014-115987,658,4,51.18,-79.34,0.80
818,JL-15175,US-2017-156083,659,2,9.66,3.26,0.20
819,EB-13705,US-2016-137547,393,3,21.07,1.58,0.20
820,BM-11650,CA-2015-100454,615,3,60.45,16.32,0.00
821,BM-11650,CA-2015-100454,660,4,11.52,3.34,0.00
822,BM-11650,CA-2015-100454,661,4,186.05,9.30,0.20
823,EM-14095,CA-2016-161669,662,4,37.44,11.70,0.20
824,EM-14095,CA-2016-161669,663,4,26.98,8.77,0.20
825,EM-14095,CA-2016-161669,664,2,11.36,3.29,0.00
826,EM-14095,CA-2016-161669,665,2,14.62,6.87,0.00
827,AF-10885,CA-2015-114300,178,7,83.72,23.44,0.00
828,AF-10885,CA-2015-114300,263,3,287.94,77.74,0.00
829,CK-12760,CA-2014-107755,666,7,115.36,49.60,0.00
830,DP-13105,CA-2016-152534,667,2,5.16,1.34,0.00
831,DP-13105,CA-2016-152534,668,6,38.88,18.66,0.00
832,VD-21670,CA-2016-113747,284,6,185.88,50.19,0.00
833,GT-14710,CA-2016-123274,631,2,44.46,14.67,0.00
834,GT-14710,CA-2016-123274,450,3,242.94,9.72,0.00
835,BK-11260,CA-2014-125612,669,2,39.96,18.78,0.00
836,BK-11260,CA-2014-125612,670,10,102.30,26.60,0.00
837,BK-11260,CA-2014-125612,671,2,21.36,5.77,0.00
838,SJ-20125,CA-2017-161984,227,1,7.61,3.58,0.00
839,SJ-20125,CA-2017-161984,288,2,7.16,3.58,0.00
840,CM-12445,CA-2014-133851,319,2,7.36,0.15,0.00
841,CM-12445,CA-2014-133851,672,2,23.10,10.63,0.00
842,AJ-10795,CA-2016-134474,673,6,191.47,40.69,0.20
843,AJ-10795,CA-2016-134474,674,2,5.25,0.59,0.20
844,AJ-10795,CA-2016-134474,675,2,59.18,5.18,0.20
845,AJ-10780,CA-2014-149020,676,1,2.89,1.36,0.00
846,AJ-10780,CA-2014-149020,677,1,51.94,21.30,0.00
847,LS-16945,CA-2016-134362,678,4,15.94,5.18,0.20
848,GP-14740,CA-2014-136742,679,6,44.91,-35.93,0.70
849,PK-18910,CA-2016-158099,680,5,1141.47,-760.98,0.70
850,PK-18910,CA-2016-158099,487,3,280.78,-46.80,0.40
851,TB-21520,CA-2015-131128,681,3,34.44,17.22,0.00
852,SM-20005,CA-2014-148488,403,7,106.34,37.22,0.20
853,GA-14725,CA-2017-114636,682,5,192.16,67.26,0.20
854,CC-12430,CA-2016-116736,214,3,322.59,64.52,0.00
855,CC-12430,CA-2016-116736,243,1,29.99,13.20,0.00
856,CC-12430,CA-2016-116736,683,3,371.97,66.95,0.00
857,HP-14815,CA-2017-111689,684,3,68.47,23.11,0.20
858,HP-14815,CA-2017-111689,156,5,1242.90,262.39,0.10
859,DK-13090,CA-2015-129098,412,2,30.84,8.33,0.00
860,GZ-14470,US-2017-123463,571,4,13.48,5.93,0.00
861,PM-19135,CA-2016-165148,535,5,31.40,10.05,0.00
862,LL-16840,CA-2014-134061,685,2,17.46,5.94,0.00
863,JS-15595,CA-2015-143602,686,3,13.94,4.53,0.20
864,OT-18730,CA-2017-115364,687,12,83.76,1.68,0.00
865,EL-13735,CA-2017-150707,61,7,37.66,18.45,0.00
866,CK-12760,CA-2014-104976,363,6,34.68,16.99,0.00
867,JE-15475,CA-2017-132934,688,5,149.95,15.00,0.00
868,JE-15475,CA-2017-132934,401,3,51.31,18.60,0.20
869,TH-21550,CA-2017-133256,689,4,15.92,5.41,0.00
870,TH-21550,CA-2017-133256,690,8,543.92,135.98,0.00
871,PC-18745,CA-2016-105494,322,7,155.82,42.07,0.00
872,PC-18745,CA-2016-105494,691,3,70.01,24.50,0.20
873,HL-15040,CA-2016-140634,692,2,15.65,5.09,0.20
874,MS-17365,CA-2014-144407,419,7,103.60,51.80,0.00
875,GB-14530,CA-2017-160983,693,8,46.96,22.54,0.00
876,JR-16210,US-2016-114622,694,2,8.90,-6.53,0.70
877,TD-20995,CA-2017-150959,695,5,10.44,3.39,0.20
878,TD-20995,CA-2017-150959,696,4,18.34,-32.09,0.80
879,DB-13060,CA-2017-132353,148,3,323.98,20.25,0.20
880,LC-17140,CA-2016-130477,697,3,20.04,9.62,0.00
881,LC-17140,CA-2016-130477,561,2,64.96,2.60,0.00
882,LC-17140,CA-2016-130477,698,2,12.96,6.22,0.00
883,PO-18865,CA-2017-143259,699,4,323.14,12.12,0.20
884,PO-18865,CA-2017-143259,700,7,90.93,2.73,0.00
885,PO-18865,CA-2017-143259,701,3,52.78,19.79,0.20
886,BE-11335,CA-2017-137596,702,4,1199.80,323.95,0.00
887,BE-11335,CA-2017-137596,703,7,1928.78,829.38,0.00
888,BE-11335,CA-2017-137596,704,2,352.38,81.05,0.00
889,SC-20050,CA-2015-133627,336,6,22.20,9.10,0.00
890,BM-11650,CA-2017-102519,262,1,46.94,19.25,0.00
891,BM-11650,CA-2017-102519,395,9,143.73,56.05,0.00
892,KL-16555,US-2014-141215,705,2,99.92,-18.56,0.30
893,KL-16555,US-2014-141215,455,4,797.94,-57.00,0.30
894,KL-16555,US-2014-141215,270,3,8.57,-14.57,0.80
895,RW-19630,CA-2016-165218,622,3,149.35,50.41,0.20
896,RW-19630,CA-2016-165218,706,1,12.99,-0.81,0.20
897,RC-19825,CA-2014-138296,566,2,24.56,6.88,0.00
898,SE-20110,CA-2015-111164,707,3,85.14,34.91,0.00
899,SE-20110,CA-2015-111164,708,1,21.99,10.56,0.00
900,SE-20110,CA-2015-111164,709,5,406.60,113.85,0.00
901,AH-10075,CA-2016-149797,113,2,841.57,294.55,0.20
902,JM-15535,CA-2014-132962,710,3,15.55,5.44,0.20
903,JM-15535,CA-2014-132962,711,5,252.00,53.55,0.20
904,JJ-15760,CA-2015-115091,324,4,46.20,12.94,0.00
905,JJ-15760,CA-2015-115091,328,2,28.84,9.52,0.00
906,AB-10165,CA-2017-144932,479,3,14.59,2.55,0.20
907,AB-10165,CA-2017-144932,712,3,89.86,21.34,0.20
908,AB-10165,CA-2017-144932,599,3,13.87,5.03,0.20
909,CG-12040,CA-2016-140081,713,6,29.72,-21.79,0.70
910,CG-12040,CA-2016-140081,668,3,15.55,5.44,0.20
911,CG-12040,CA-2016-140081,136,2,447.70,33.58,0.20
912,RA-19885,US-2017-111745,323,1,159.99,54.40,0.00
913,RP-19270,CA-2015-148250,714,2,12.96,6.22,0.00
914,RP-19270,CA-2015-148250,715,4,134.48,34.96,0.00
915,RW-19630,CA-2016-142958,4,4,1114.27,41.79,0.20
916,JL-15850,CA-2015-120880,502,5,32.40,15.55,0.00
917,JL-15850,CA-2015-120880,716,3,540.57,140.55,0.00
918,JL-15850,CA-2015-120880,717,5,167.76,62.91,0.20
919,CA-12775,US-2015-140200,718,3,393.17,-204.45,0.50
920,RB-19795,US-2017-110576,719,7,516.49,-12.91,0.20
921,RB-19795,US-2017-110576,218,6,1007.23,75.54,0.20
922,RB-19795,US-2017-110576,720,12,2065.32,-619.60,0.40
923,RB-19795,US-2017-110576,721,3,15.55,5.44,0.20
924,RB-19795,US-2017-110576,216,6,25.34,7.92,0.20
925,KH-16360,CA-2017-131156,722,4,25.47,7.64,0.20
926,GH-14665,CA-2017-136539,205,2,27.17,2.72,0.20
927,GH-14665,CA-2017-136539,261,2,78.85,-11.60,0.32
928,SW-20275,CA-2017-119305,54,5,173.80,43.45,0.00
929,JA-15970,CA-2017-102414,675,1,29.59,2.59,0.20
930,JA-15970,CA-2017-102414,723,2,4.75,-3.17,0.70
931,DL-12925,CA-2015-112571,724,2,204.60,53.20,0.00
932,LW-16990,CA-2017-152142,226,2,321.57,28.14,0.20
933,TB-21190,CA-2015-160059,725,2,6.24,3.06,0.00
934,CV-12805,CA-2016-120859,458,2,21.88,10.94,0.00
935,MS-17365,CA-2014-127488,726,2,4.61,1.67,0.20
936,BS-11800,CA-2017-135279,727,2,9.82,4.81,0.00
937,BS-11800,CA-2017-135279,361,3,35.97,9.71,0.00
938,BS-11800,CA-2017-135279,728,2,12.96,6.22,0.00
939,BS-11800,CA-2017-135279,729,4,191.60,91.97,0.00
940,BS-11800,CA-2017-135279,726,3,8.64,4.23,0.00
941,BS-11800,CA-2017-135279,730,3,501.81,0.00,0.00
942,DL-13315,CA-2014-115791,731,6,127.10,28.60,0.20
943,DL-13315,CA-2014-115791,296,3,124.20,-31.05,0.40
944,DL-13315,CA-2014-115791,572,2,18.59,-13.63,0.70
945,DL-13315,CA-2014-115791,294,3,30.07,10.15,0.20
946,PO-19195,US-2017-103247,452,7,160.93,3.22,0.00
947,PO-19195,US-2017-103247,342,3,75.79,25.58,0.20
948,TD-20995,US-2017-100209,732,2,1.08,-0.79,0.70
949,BW-11110,CA-2017-159366,154,2,3059.98,680.00,0.10
950,RW-19690,CA-2016-145499,511,2,3.28,-2.63,0.70
951,KB-16600,CA-2015-157035,733,3,34.02,16.67,0.00
952,EB-13870,CA-2016-144939,626,6,599.29,93.22,0.10
953,TZ-21580,CA-2014-163419,734,1,3.39,0.81,0.20
954,TZ-21580,CA-2014-163419,735,2,559.98,56.00,0.20
955,TZ-21580,CA-2014-163419,651,5,603.92,75.49,0.20
956,AS-10630,CA-2017-100314,628,2,7.97,2.59,0.20
957,AS-10630,CA-2017-100314,736,4,27.97,9.44,0.20
958,AS-10630,CA-2017-100314,737,3,336.51,44.87,0.40
959,TS-21340,CA-2015-146829,738,2,1.11,-1.89,0.80
960,JG-15805,CA-2017-167899,565,5,520.05,72.81,0.00
961,JG-15805,CA-2017-167899,739,3,17.97,5.21,0.00
962,SL-20155,CA-2015-153549,278,5,1166.92,131.28,0.20
963,TS-21610,CA-2016-110023,613,2,14.62,5.48,0.20
964,RF-19735,CA-2016-105585,258,3,10.23,4.91,0.00
965,RF-19735,CA-2016-105585,740,5,154.90,69.71,0.00
966,MW-18235,CA-2014-117639,741,7,2715.93,1276.49,0.00
967,MW-18235,CA-2014-117639,742,3,617.97,173.03,0.00
968,RD-19585,CA-2015-162537,743,1,10.67,4.91,0.00
969,RD-19585,CA-2015-162537,744,3,36.63,9.89,0.00
970,RD-19585,CA-2015-162537,745,5,24.10,9.16,0.00
971,RD-19585,CA-2015-162537,277,7,33.11,12.91,0.00
972,FM-14290,CA-2016-155488,655,2,44.02,11.45,0.00
973,RH-19495,CA-2015-124891,746,7,2309.65,762.18,0.00
974,RH-19495,CA-2015-124891,252,7,1090.78,-290.88,0.40
975,RH-19495,CA-2015-124891,728,3,19.44,9.33,0.00
976,RA-19945,CA-2015-126445,747,3,484.65,92.08,0.00
977,JK-15730,CA-2015-111199,682,3,115.30,40.35,0.20
978,MT-17815,CA-2015-105312,109,3,7.08,2.48,0.20
979,MT-17815,CA-2015-105312,748,3,4.40,-3.52,0.70
980,AT-10735,CA-2017-135034,159,2,95.98,6.00,0.20
981,PF-19165,CA-2017-118437,29,3,155.25,46.58,0.00
982,PF-19165,CA-2017-118437,749,1,14.03,4.07,0.00
983,JS-15880,US-2015-126214,207,13,1618.37,356.04,0.00
984,JS-15880,US-2015-126214,750,1,99.60,36.85,0.00
985,MO-17800,CA-2015-133025,255,5,32.40,15.55,0.00
986,KM-16225,CA-2015-108665,751,2,13.96,6.70,0.00
987,KM-16225,CA-2015-108665,677,3,155.82,63.89,0.00
988,KM-16225,CA-2015-108665,752,5,124.95,2.50,0.00
989,KM-16225,CA-2015-108665,753,5,601.65,156.43,0.00
990,GT-14710,CA-2015-124450,754,3,22.74,8.87,0.00
991,GT-14710,CA-2015-124450,755,3,1267.53,316.88,0.00
992,GT-14710,CA-2015-124450,756,8,1379.92,648.56,0.00
993,PB-19150,CA-2015-167269,757,2,6.21,2.17,0.20
994,HR-14770,CA-2017-106964,758,2,11.81,4.28,0.20
995,DE-13255,CA-2016-126529,759,3,15.55,5.44,0.20
996,DE-13255,CA-2016-126529,760,3,63.31,20.58,0.20
997,DE-13255,CA-2016-126529,761,2,15.59,-9.87,0.40
998,LA-16780,CA-2014-163552,253,5,177.20,83.28,0.00
999,LA-16780,CA-2014-163552,762,3,197.97,57.41,0.00
1000,LA-16780,CA-2014-163552,455,3,854.94,213.74,0.00
